0,4.8978398,0.283362411,-0.044451763,0.074107972,1.636345365,-0.530628251,0.726669873,2.006534771,0.283362411,-0.283362411,1.691676011,1.168993085,0.937124819,-0.283362411,-0.760588461,-0.405465108,0.594707108,0.074107972,-0.074107972,0.974049566,-0.223143551,0.864997437,-0.163325056,1.210403695,-3.068052935,0.253195896,-0.344096162,0.436427334,0.133531393,-0.283362411,-0.864997437,-0.133531393,-1.809151212,-0.436427334,-0.223143551,-0.436427334,-3.068052935,-3.068052935,0.163325056,0.223143551,0.223143551,-0.193191229,0.344096162,0.253195896,-0.044451763,-3.068052935,-0.900786545,-1.636345365,0.313657559,0.223143551,-1.296143264,-0.594707108,-0.974049566,-3.068052935,-1.128465252,-1.93747128,-3.068052935,-3.068052935,-1.386294361,-3.068052935,1.088759992,-0.313657559,-0.594707108,-0.253195896,0.344096162,-0.253195896,-0.760588461,-0.900786545
4.8978398,0,0.467596889,-0.074107972,0.283362411,0.900786545,-0.530628251,-0.133531393,0.937124819,-0.103796794,0.014815086,0.726669873,0.313657559,0.313657559,-0.253195896,-0.900786545,-0.436427334,0.794929875,0.436427334,0.103796794,0.498991166,-0.530628251,0.253195896,-0.223143551,0.627189213,-3.068052935,-0.253195896,-0.760588461,-0.103796794,-0.405465108,-0.659994973,-0.974049566,-0.044451763,-2.156733216,-0.760588461,-0.313657559,-0.283362411,-3.068052935,-3.068052935,-0.253195896,-0.193191229,-0.193191229,-0.467596889,-0.133531393,-0.193191229,-0.344096162,-3.068052935,-0.974049566,-2.156733216,-0.103796794,0.405465108,-2.079441542,-0.937124819,-1.011600912,-3.068052935,-1.871802177,-2.006534771,-3.068052935,-3.068052935,-1.93747128,-3.068052935,0.405465108,-0.693147181,-0.659994973,-0.562526998,-0.163325056,-0.594707108,-0.937124819,-0.974049566
0.283362411,0.467596889,0,2.906120115,3.488902962,3.488902962,0.974049566,0.074107972,1.481604541,1.386294361,1.011600912,-0.103796794,0.530628251,0.223143551,0.436427334,-0.498991166,0.794929875,1.531476371,1.252762968,0.193191229,0.974049566,-0.223143551,2.079441542,0.829722716,0.864997437,-3.068052935,0.562526998,-0.133531393,0.044451763,-0.193191229,-0.074107972,0.253195896,3.784189634,-0.344096162,-0.223143551,-0.163325056,2.079441542,-3.068052935,-3.068052935,1.011600912,1.296143264,0.498991166,0.659994973,-0.044451763,2.764745545,0.374693449,-3.068052935,-0.374693449,-1.433251344,-0.074107972,0.562526998,-0.974049566,-0.283362411,0.374693449,-3.068052935,-1.210403695,-0.133531393,-3.068052935,-3.068052935,-1.481604541,-3.068052935,-0.193191229,-0.530628251,1.252762968,1.583004655,1.531476371,-0.103796794,-0.467596889,0.103796794
-0.044451763,-0.074107972,2.906120115,0,2.156733216,1.433251344,0.436427334,-0.193191229,0.726669873,0.864997437,0.659994973,-0.283362411,0.103796794,-0.193191229,-0.044451763,-0.829722716,0.405465108,0.794929875,0.530628251,-0.103796794,0.562526998,-0.530628251,0.627189213,0.436427334,0.562526998,-3.068052935,0.313657559,-0.405465108,-0.163325056,-0.467596889,-0.344096162,-0.014815086,3.068052935,-0.937124819,-0.530628251,-0.374693449,1.809151212,-3.068052935,-3.068052935,0.627189213,0.760588461,0.193191229,0.313657559,-0.283362411,0.974049566,-0.467596889,-3.068052935,-0.760588461,-1.749199855,-0.726669873,0.253195896,-1.386294361,-0.659994973,0.193191229,-3.068052935,-1.691676011,-0.405465108,-3.068052935,-3.068052935,-2.422386293,-3.068052935,-0.313657559,-0.726669873,0.900786545,0.344096162,0.937124819,-0.344096162,-0.864997437,-0.594707108
0.074107972,0.283362411,3.488902962,2.156733216,0,1.749199855,2.156733216,1.168993085,2.239071687,1.252762968,-0.014815086,0.436427334,0.344096162,0.693147181,0.900786545,0.014815086,0.530628251,0.864997437,3.784189634,1.93747128,4.197201948,0.283362411,1.128465252,0.436427334,1.433251344,-3.068052935,2.239071687,0.974049566,0.594707108,0.223143551,-0.103796794,0.014815086,2.327277706,-0.253195896,0.163325056,0.283362411,0.103796794,-3.068052935,-3.068052935,1.809151212,1.871802177,1.049822124,0.283362411,0.344096162,2.156733216,0.133531393,-3.068052935,-0.283362411,-0.760588461,0.467596889,0.193191229,-0.344096162,-0.103796794,0.223143551,-3.068052935,-0.693147181,-0.405465108,-3.068052935,-3.068052935,-0.864997437,-3.068052935,0.283362411,0.344096162,0.313657559,1.340624324,1.386294361,1.531476371,0.074107972,0.253195896
1.636345365,0.900786545,3.488902962,1.433251344,1.749199855,0,0.133531393,0.530628251,2.156733216,1.296143264,1.636345365,0.133531393,0.344096162,0.163325056,-0.014815086,-0.014815086,0.283362411,1.809151212,0.436427334,0.627189213,3.068052935,0.498991166,1.011600912,0.436427334,3.784189634,-3.068052935,1.252762968,0.467596889,1.481604541,0.344096162,-0.103796794,0.283362411,2.239071687,-0.253195896,-0.074107972,-0.044451763,1.691676011,-3.068052935,-3.068052935,1.749199855,1.809151212,0.937124819,1.93747128,0.344096162,2.079441542,1.386294361,-3.068052935,0.253195896,-0.344096162,1.011600912,1.871802177,-0.530628251,-0.103796794,0.223143551,-3.068052935,-0.693147181,-0.405465108,-3.068052935,-3.068052935,-0.467596889,-3.068052935,1.128465252,0.044451763,0.374693449,1.168993085,1.296143264,0.794929875,0.044451763,0.253195896
-0.530628251,-0.530628251,0.974049566,0.436427334,2.156733216,0.133531393,0,0.283362411,0.864997437,-0.223143551,-0.627189213,-0.103796794,-0.253195896,0.864997437,1.128465252,0.103796794,0.594707108,-0.103796794,2.006534771,0.726669873,0.627189213,0.436427334,-0.014815086,0.405465108,0.044451763,-3.068052935,0.223143551,-0.498991166,-0.562526998,-0.794929875,-0.937124819,-1.088759992,0.436427334,-1.481604541,-0.530628251,0.223143551,-0.794929875,-3.068052935,-3.068052935,0.163325056,0.223143551,0.223143551,-0.627189213,0.344096162,0.313657559,-0.864997437,-3.068052935,0.313657559,-0.405465108,-0.193191229,-0.313657559,-1.583004655,-1.011600912,-0.829722716,-3.068052935,-2.239071687,-1.749199855,-3.068052935,-3.068052935,-2.156733216,-3.068052935,-0.627189213,-0.283362411,-0.726669873,-0.193191229,-0.223143551,-0.283362411,-0.014815086,-0.726669873
0.726669873,-0.133531393,0.074107972,-0.193191229,1.168993085,0.530628251,0.283362411,0,0.974049566,0.467596889,0.133531393,0.530628251,1.168993085,1.252762968,-0.074107972,-0.498991166,-0.103796794,0.283362411,0.044451763,0.900786545,0.829722716,0.074107972,0.436427334,0.530628251,2.525728644,-3.068052935,0.530628251,0.044451763,1.583004655,1.049822124,0.436427334,0.044451763,1.210403695,-1.168993085,1.636345365,2.525728644,1.93747128,-3.068052935,-3.068052935,4.8978398,1.749199855,3.488902962,1.168993085,2.764745545,0.974049566,-0.467596889,-3.068052935,-0.467596889,-0.133531393,1.210403695,2.327277706,-0.760588461,-0.103796794,-0.253195896,-3.068052935,-0.405465108,-0.405465108,-3.068052935,-3.068052935,-0.467596889,-3.068052935,1.210403695,2.525728644,0.974049566,0.193191229,0.498991166,-0.103796794,-0.467596889,0.253195896
2.006534771,0.937124819,1.481604541,0.726669873,2.239071687,2.156733216,0.864997437,0.974049566,0,0.530628251,0.760588461,2.422386293,1.340624324,1.433251344,0.627189213,-0.344096162,0.436427334,3.068052935,1.691676011,0.693147181,1.583004655,0.074107972,1.296143264,0.594707108,1.749199855,-3.068052935,0.374693449,-0.103796794,0.760588461,0.374693449,-0.074107972,0.193191229,1.636345365,-1.296143264,-0.253195896,0.344096162,1.252762968,-3.068052935,-3.068052935,0.223143551,0.313657559,0.829722716,-0.103796794,0.498991166,0.467596889,0.283362411,-3.068052935,-0.014815086,-1.433251344,0.627189213,1.296143264,-0.900786545,-0.253195896,0.074107972,-3.068052935,-0.659994973,-0.594707108,-3.068052935,-3.068052935,-0.829722716,-3.068052935,1.386294361,-0.133531393,0.436427334,-0.103796794,0.530628251,0.044451763,-0.283362411,-0.498991166
0.283362411,-0.103796794,1.386294361,0.864997437,1.252762968,1.296143264,-0.223143551,0.467596889,0.530628251,0,1.749199855,0.014815086,2.327277706,1.088759992,0.498991166,-0.193191229,1.210403695,2.422386293,0.374693449,0.900786545,1.93747128,0.829722716,3.784189634,0.760588461,1.749199855,-3.068052935,0.530628251,-0.044451763,0.937124819,0.103796794,1.011600912,-0.405465108,0.693147181,-0.794929875,-0.193191229,-0.074107972,0.313657559,-3.068052935,-3.068052935,1.088759992,1.386294361,0.530628251,1.433251344,-0.044451763,-0.133531393,0.223143551,-3.068052935,-0.133531393,-0.829722716,-0.374693449,0.498991166,-0.900786545,-0.253195896,0.074107972,-3.068052935,-1.481604541,-1.088759992,-3.068052935,-3.068052935,-1.636345365,-3.068052935,2.525728644,-0.044451763,-0.436427334,0.344096162,4.8978398,0.659994973,-0.163325056,-0.498991166
-0.283362411,0.014815086,1.011600912,0.659994973,-0.014815086,1.636345365,-0.627189213,0.133531393,0.760588461,1.749199855,0,-0.193191229,0.562526998,0.562526998,-0.344096162,-0.467596889,-0.467596889,1.749199855,-0.344096162,0.344096162,1.340624324,-0.283362411,0.627189213,-0.223143551,1.210403695,-3.068052935,0.103796794,-0.436427334,1.210403695,-0.074107972,-0.405465108,-0.794929875,1.088759992,-0.693147181,-0.436427334,-0.313657559,0.014815086,-3.068052935,-3.068052935,0.594707108,0.693147181,0.760588461,1.809151212,-0.223143551,0.163325056,1.481604541,-3.068052935,-0.133531393,-1.386294361,0.223143551,0.133531393,-1.433251344,-0.627189213,-0.974049566,-3.068052935,-1.481604541,-1.088759992,-3.068052935,-3.068052935,-1.433251344,-3.068052935,0.829722716,-0.344096162,-0.313657559,2.006534771,1.871802177,0.253195896,-0.467596889,-0.467596889
1.691676011,0.726669873,-0.103796794,-0.283362411,0.436427334,0.133531393,-0.103796794,0.530628251,2.422386293,0.014815086,-0.193191229,0,1.433251344,1.531476371,-0.163325056,-0.562526998,-0.436427334,-0.074107972,-0.374693449,0.405465108,2.239071687,0.253195896,1.433251344,0.133531393,1.386294361,-3.068052935,0.163325056,-0.253195896,1.011600912,0.562526998,0.074107972,-0.374693449,0.014815086,-0.530628251,1.296143264,1.583004655,1.386294361,-3.068052935,-3.068052935,2.327277706,2.422386293,1.871802177,0.659994973,1.636345365,0.374693449,-0.693147181,-3.068052935,-0.864997437,-0.344096162,0.467596889,1.386294361,-1.049822124,-0.074107972,-0.627189213,-3.068052935,-0.627189213,-0.594707108,-3.068052935,-3.068052935,-1.128465252,-3.068052935,1.481604541,1.749199855,0.530628251,-0.313657559,0.074107972,1.011600912,-0.594707108,-0.014815086
1.168993085,0.313657559,0.530628251,0.103796794,0.344096162,0.344096162,-0.253195896,1.168993085,1.340624324,2.327277706,0.562526998,1.433251344,0,2.764745545,1.340624324,0.864997437,1.210403695,0.974049566,0.193191229,1.340624324,1.749199855,1.691676011,4.197201948,0.405465108,1.691676011,-3.068052935,0.530628251,-0.133531393,-0.074107972,0.163325056,1.168993085,-0.374693449,0.193191229,-1.386294361,0.253195896,1.386294361,0.193191229,-3.068052935,-3.068052935,0.900786545,1.168993085,2.525728644,1.210403695,0.627189213,-0.253195896,0.223143551,-3.068052935,-0.562526998,-0.937124819,-0.193191229,1.168993085,-0.900786545,-0.283362411,-0.253195896,-3.068052935,-1.168993085,-1.088759992,-3.068052935,-3.068052935,-1.433251344,-3.068052935,2.422386293,0.498991166,-0.044451763,-0.163325056,0.498991166,1.531476371,0.313657559,0.014815086
0.937124819,0.313657559,0.223143551,-0.193191229,0.693147181,0.163325056,0.864997437,1.252762968,1.433251344,1.088759992,0.562526998,1.531476371,2.764745545,0,4.197201948,0.760588461,0.760588461,2.239071687,2.63905733,1.433251344,0.074107972,4.8978398,1.296143264,1.168993085,0.467596889,-3.068052935,1.168993085,0.223143551,-0.044451763,2.006534771,0.374693449,-0.374693449,0.594707108,-1.049822124,0.163325056,1.340624324,0.133531393,-3.068052935,-3.068052935,0.974049566,0.253195896,2.63905733,1.296143264,1.210403695,0.405465108,0.223143551,-3.068052935,-0.253195896,-1.386294361,0.562526998,1.93747128,-0.659994973,-0.074107972,-0.253195896,-3.068052935,-1.296143264,-1.128465252,-3.068052935,-3.068052935,-0.794929875,-3.068052935,0.374693449,0.374693449,-0.103796794,-0.163325056,-0.283362411,0.313657559,0.253195896,-0.014815086
-0.283362411,-0.253195896,0.436427334,-0.044451763,0.900786545,-0.014815086,1.128465252,-0.074107972,0.627189213,0.498991166,-0.344096162,-0.163325056,1.340624324,4.197201948,0,1.011600912,-0.374693449,1.168993085,1.636345365,1.749199855,0.436427334,3.488902962,-0.103796794,4.197201948,0.937124819,-3.068052935,2.156733216,0.627189213,-0.074107972,1.252762968,0.405465108,-0.794929875,0.074107972,-0.436427334,0.467596889,0.659994973,-0.374693449,-3.068052935,-3.068052935,1.210403695,1.049822124,0.405465108,1.088759992,0.829722716,1.93747128,0.313657559,-3.068052935,-0.693147181,-0.726669873,2.327277706,1.296143264,-0.436427334,0.374693449,-0.405465108,-3.068052935,-1.210403695,-1.210403695,-3.068052935,-3.068052935,-0.283362411,-3.068052935,0.530628251,0.693147181,-0.498991166,0.900786545,-0.044451763,0.530628251,0.436427334,-0.530628251
-0.760588461,-0.900786545,-0.498991166,-0.829722716,0.014815086,-0.014815086,0.103796794,-0.498991166,-0.344096162,-0.193191229,-0.467596889,-0.562526998,0.864997437,0.760588461,1.011600912,0,-0.794929875,-0.074107972,0.014815086,0.829722716,0.313657559,0.627189213,-0.163325056,0.223143551,0.253195896,-3.068052935,0.530628251,-0.436427334,-0.436427334,0.133531393,-0.374693449,-1.011600912,-0.760588461,-0.374693449,-0.405465108,-0.133531393,-0.223143551,-3.068052935,-3.068052935,0.374693449,0.133531393,-0.562526998,0.193191229,-0.014815086,1.168993085,-0.467596889,-3.068052935,-1.128465252,-2.156733216,1.340624324,0.313657559,-1.531476371,-0.436427334,-1.049822124,-3.068052935,-2.156733216,-2.079441542,-3.068052935,-3.068052935,-0.974049566,-3.068052935,-0.074107972,-0.103796794,-0.864997437,0.562526998,-0.530628251,1.636345365,2.422386293,-1.011600912
-0.405465108,-0.436427334,0.794929875,0.405465108,0.530628251,0.283362411,0.594707108,-0.103796794,0.436427334,1.210403695,-0.467596889,-0.436427334,1.210403695,0.760588461,-0.374693449,-0.794929875,0,0.760588461,1.210403695,0.014815086,0.693147181,-0.103796794,1.749199855,-0.223143551,1.128465252,-3.068052935,2.156733216,1.049822124,-0.253195896,-0.498991166,-0.627189213,-0.900786545,0.436427334,-0.864997437,0.074107972,0.405465108,-0.436427334,-3.068052935,-3.068052935,0.794929875,0.313657559,0.253195896,-0.253195896,0.498991166,-0.163325056,-0.405465108,-3.068052935,-0.726669873,-1.433251344,-0.103796794,0.223143551,-0.594707108,-0.900786545,-0.760588461,-3.068052935,-1.583004655,-1.636345365,-3.068052935,-3.068052935,-1.749199855,-3.068052935,1.011600912,0.344096162,-0.627189213,-0.562526998,1.296143264,-0.253195896,-0.794929875,-0.794929875
0.594707108,0.794929875,1.531476371,0.794929875,0.864997437,1.809151212,-0.103796794,0.283362411,3.068052935,2.422386293,1.749199855,-0.074107972,0.974049566,2.239071687,1.168993085,-0.074107972,0.760588461,0,2.422386293,1.386294361,1.011600912,0.374693449,0.794929875,1.340624324,3.784189634,-3.068052935,0.974049566,0.223143551,1.433251344,0.726669873,0.283362411,-0.374693449,1.691676011,-0.344096162,-0.283362411,0.405465108,0.014815086,-3.068052935,-3.068052935,0.726669873,2.422386293,0.344096162,0.253195896,0.467596889,0.436427334,1.386294361,-3.068052935,0.163325056,-0.794929875,0.344096162,1.809151212,-0.659994973,-0.103796794,-0.253195896,-3.068052935,-0.659994973,-0.374693449,-3.068052935,-3.068052935,-0.900786545,-3.068052935,1.088759992,-0.133531393,0.405465108,1.168993085,2.764745545,-0.163325056,-0.044451763,0.467596889
0.074107972,0.436427334,1.252762968,0.530628251,3.784189634,0.436427334,2.006534771,0.044451763,1.691676011,0.374693449,-0.344096162,-0.374693449,0.193191229,2.63905733,1.636345365,0.014815086,1.210403695,2.422386293,0,2.63905733,0.829722716,0.530628251,0.436427334,0.829722716,0.937124819,-3.068052935,2.327277706,0.627189213,0.530628251,0.163325056,-0.223143551,-0.594707108,1.011600912,-0.374693449,0.374693449,0.562526998,-0.436427334,-3.068052935,-3.068052935,1.296143264,1.433251344,0.313657559,-0.133531393,1.386294361,1.583004655,0.900786545,-3.068052935,0.405465108,-0.193191229,1.049822124,0.313657559,-0.436427334,-0.313657559,-0.044451763,-3.068052935,-1.210403695,-0.659994973,-3.068052935,-3.068052935,-0.829722716,-3.068052935,0.562526998,0.467596889,-0.103796794,0.627189213,0.467596889,-0.344096162,0.074107972,-0.044451763
-0.074107972,0.103796794,0.193191229,-0.103796794,1.93747128,0.627189213,0.726669873,0.900786545,0.693147181,0.900786545,0.344096162,0.405465108,1.340624324,1.433251344,1.749199855,0.829722716,0.014815086,1.386294361,2.63905733,0,0.659994973,1.871802177,0.693147181,1.340624324,3.488902962,-3.068052935,1.809151212,0.436427334,0.530628251,1.128465252,0.344096162,0.223143551,0.044451763,-0.760588461,0.223143551,0.436427334,0.530628251,-3.068052935,-3.068052935,1.011600912,1.128465252,-0.014815086,0.974049566,0.829722716,2.906120115,0.937124819,-3.068052935,-0.313657559,-0.163325056,3.488902962,1.296143264,-0.436427334,0.374693449,-0.014815086,-3.068052935,-1.210403695,-0.693147181,-3.068052935,-3.068052935,-0.193191229,-3.068052935,2.327277706,0.374693449,-0.163325056,1.583004655,0.974049566,1.636345365,0.659994973,-0.074107972
0.974049566,0.498991166,0.974049566,0.562526998,4.197201948,3.068052935,0.627189213,0.829722716,1.583004655,1.93747128,1.340624324,2.239071687,1.749199855,0.074107972,0.436427334,0.313657559,0.693147181,1.011600912,0.829722716,0.659994973,0,0.405465108,2.006534771,1.93747128,2.422386293,-3.068052935,1.128465252,0.436427334,1.210403695,0.253195896,0.726669873,0.436427334,0.726669873,-0.253195896,0.726669873,1.809151212,1.531476371,-3.068052935,-3.068052935,1.749199855,1.809151212,1.252762968,1.93747128,1.011600912,0.659994973,-0.103796794,-3.068052935,0.044451763,-0.344096162,0.014815086,1.871802177,-0.498991166,-0.103796794,0.223143551,-3.068052935,-0.659994973,-0.405465108,-3.068052935,-3.068052935,-1.128465252,-3.068052935,0.900786545,1.049822124,0.344096162,0.074107972,2.079441542,4.197201948,-0.467596889,0.253195896
-0.223143551,-0.530628251,-0.223143551,-0.530628251,0.283362411,0.498991166,0.436427334,0.074107972,0.074107972,0.829722716,-0.283362411,0.253195896,1.691676011,4.8978398,3.488902962,0.627189213,-0.103796794,0.374693449,0.530628251,1.871802177,0.405465108,0,0.133531393,0.627189213,0.760588461,-3.068052935,0.900786545,0.074107972,0.283362411,1.531476371,0.726669873,-0.794929875,-0.436427334,-1.296143264,-0.193191229,0.163325056,-0.223143551,-3.068052935,-3.068052935,1.296143264,0.594707108,0.659994973,0.726669873,0.794929875,0.760588461,0.594707108,-3.068052935,-0.864997437,-1.386294361,0.937124819,1.636345365,-0.760588461,-0.074107972,-0.627189213,-3.068052935,-1.481604541,-1.531476371,-3.068052935,-3.068052935,-0.760588461,-3.068052935,0.726669873,0.133531393,-0.405465108,0.193191229,-0.562526998,0.074107972,0.014815086,-0.794929875
0.864997437,0.253195896,2.079441542,0.627189213,1.128465252,1.011600912,-0.014815086,0.436427334,1.296143264,3.784189634,0.627189213,1.433251344,4.197201948,1.296143264,-0.103796794,-0.163325056,1.749199855,0.794929875,0.436427334,0.693147181,2.006534771,0.133531393,0,0.405465108,1.636345365,-3.068052935,1.296143264,0.313657559,0.594707108,0.253195896,0.900786545,-0.374693449,0.594707108,-0.864997437,0.193191229,1.252762968,0.900786545,-3.068052935,-3.068052935,2.079441542,2.156733216,2.079441542,2.006534771,0.374693449,-0.344096162,0.133531393,-3.068052935,-0.193191229,-0.726669873,-0.253195896,1.93747128,-0.594707108,-0.074107972,0.014815086,-3.068052935,-0.659994973,-0.693147181,-3.068052935,-3.068052935,-1.531476371,-3.068052935,0.562526998,0.405465108,0.344096162,-0.163325056,1.433251344,1.481604541,-0.498991166,-0.103796794
-0.163325056,-0.223143551,0.829722716,0.436427334,0.436427334,0.436427334,0.405465108,0.530628251,0.594707108,0.760588461,-0.223143551,0.133531393,0.405465108,1.168993085,4.197201948,0.223143551,-0.223143551,1.340624324,0.829722716,1.340624324,1.93747128,0.627189213,0.405465108,0,1.583004655,-3.068052935,1.93747128,0.726669873,1.011600912,0.313657559,-0.103796794,-0.374693449,0.900786545,-0.693147181,-0.133531393,0.044451763,0.436427334,-3.068052935,-3.068052935,2.006534771,2.079441542,1.386294361,2.239071687,0.074107972,-0.014815086,-0.344096162,-3.068052935,-0.133531393,-0.726669873,0.044451763,2.156733216,-0.467596889,-0.074107972,-0.627189213,-3.068052935,-1.210403695,-1.088759992,-3.068052935,-3.068052935,-1.481604541,-3.068052935,0.659994973,0.074107972,-0.014815086,-0.562526998,0.794929875,0.864997437,0.133531393,-0.498991166
1.210403695,0.627189213,0.864997437,0.562526998,1.433251344,3.784189634,0.044451763,2.525728644,1.749199855,1.749199855,1.210403695,1.386294361,1.691676011,0.467596889,0.937124819,0.253195896,1.128465252,3.784189634,0.937124819,3.488902962,2.422386293,0.760588461,1.636345365,1.583004655,0,-3.068052935,1.691676011,0.627189213,1.088759992,0.594707108,0.794929875,0.405465108,0.974049566,-0.760588461,0.760588461,0.974049566,1.340624324,-3.068052935,-3.068052935,2.63905733,1.481604541,2.63905733,1.583004655,1.340624324,0.974049566,0.627189213,-3.068052935,0.344096162,-0.900786545,0.693147181,1.531476371,-0.344096162,0.313657559,0.223143551,-3.068052935,-0.467596889,-0.374693449,-3.068052935,-3.068052935,-0.467596889,-3.068052935,4.197201948,0.937124819,0.436427334,0.344096162,1.749199855,0.530628251,0.344096162,0.253195896
-3.068052935,-3.068052935,-3.068052935,-3.068052935,-3.068052935,-3.068052935,-3.068052935,-3.068052935,-3.068052935,-3.068052935,-3.068052935,-3.068052935,-3.068052935,-3.068052935,-3.068052935,-3.068052935,-3.068052935,-3.068052935,-3.068052935,-3.068052935,-3.068052935,-3.068052935,-3.068052935,-3.068052935,-3.068052935,0,-3.068052935,-3.068052935,-3.068052935,-3.068052935,-3.068052935,-3.068052935,-3.068052935,-0.223143551,-3.068052935,-3.068052935,-3.068052935,-4.59511985,-4.59511985,-3.068052935,-3.068052935,-3.068052935,-3.068052935,-3.068052935,-3.068052935,-3.068052935,-4.59511985,-3.068052935,-0.223143551,-3.068052935,-3.068052935,-0.223143551,-3.068052935,-3.068052935,-4.59511985,-0.223143551,-0.223143551,-4.59511985,-4.59511985,-0.223143551,-4.59511985,-3.068052935,-3.068052935,-3.068052935,-3.068052935,-3.068052935,-3.068052935,-3.068052935,-3.068052935
0.253195896,-0.253195896,0.562526998,0.313657559,2.239071687,1.252762968,0.223143551,0.530628251,0.374693449,0.530628251,0.103796794,0.163325056,0.530628251,1.168993085,2.156733216,0.530628251,2.156733216,0.974049566,2.327277706,1.809151212,1.128465252,0.900786545,1.296143264,1.93747128,1.691676011,-3.068052935,0,4.8978398,-0.344096162,-0.562526998,-0.436427334,-0.794929875,-0.014815086,-1.433251344,0.530628251,1.481604541,-0.405465108,-3.068052935,-3.068052935,1.252762968,-0.163325056,1.049822124,-0.074107972,0.726669873,0.693147181,-0.313657559,-3.068052935,0.344096162,-0.133531393,0.864997437,0.223143551,-0.283362411,-0.864997437,-0.659994973,-3.068052935,-1.128465252,-1.636345365,-3.068052935,-3.068052935,-0.760588461,-3.068052935,0.374693449,0.627189213,-0.562526998,0.014815086,0.594707108,-0.074107972,0.530628251,-0.103796794
-0.344096162,-0.760588461,-0.133531393,-0.405465108,0.974049566,0.467596889,-0.498991166,0.044451763,-0.103796794,-0.044451763,-0.436427334,-0.253195896,-0.133531393,0.223143551,0.627189213,-0.436427334,1.049822124,0.223143551,0.627189213,0.436427334,0.436427334,0.074107972,0.313657559,0.726669873,0.627189213,-3.068052935,4.8978398,0,-0.726669873,-0.864997437,-0.864997437,-1.128465252,-0.405465108,-2.327277706,-0.193191229,0.498991166,-0.659994973,-3.068052935,-3.068052935,0.562526998,-0.467596889,0.313657559,-0.436427334,0.044451763,-0.014815086,-0.726669873,-3.068052935,-0.344096162,-1.011600912,0.074107972,-0.163325056,-0.283362411,-1.049822124,-1.168993085,-3.068052935,-1.93747128,-2.327277706,-3.068052935,-3.068052935,-1.871802177,-3.068052935,-0.074107972,-0.074107972,-0.864997437,-0.530628251,-0.074107972,-0.562526998,-0.530628251,-0.829722716
0.436427334,-0.103796794,0.044451763,-0.163325056,0.594707108,1.481604541,-0.562526998,1.583004655,0.760588461,0.937124819,1.210403695,1.011600912,-0.074107972,-0.044451763,-0.074107972,-0.436427334,-0.253195896,1.433251344,0.530628251,0.530628251,1.210403695,0.283362411,0.594707108,1.011600912,1.088759992,-3.068052935,-0.344096162,-0.726669873,0,0.594707108,0.103796794,-0.374693449,0.193191229,-1.809151212,-0.133531393,0.760588461,-0.163325056,-3.068052935,-3.068052935,1.252762968,1.583004655,1.433251344,0.103796794,-0.014815086,0.014815086,-0.223143551,-3.068052935,-0.594707108,-1.386294361,0.074107972,0.726669873,-1.809151212,0.374693449,-0.627189213,-3.068052935,-1.636345365,-1.531476371,-3.068052935,-3.068052935,-1.386294361,-3.068052935,0.829722716,0.014815086,-0.344096162,-0.436427334,0.974049566,0.103796794,-0.436427334,-0.498991166
0.133531393,-0.405465108,-0.193191229,-0.467596889,0.223143551,0.344096162,-0.794929875,1.049822124,0.374693449,0.103796794,-0.074107972,0.562526998,0.163325056,2.006534771,1.252762968,0.133531393,-0.498991166,0.726669873,0.163325056,1.128465252,0.253195896,1.531476371,0.253195896,0.313657559,0.594707108,-3.068052935,-0.562526998,-0.864997437,0.594707108,0,1.011600912,-0.794929875,0.044451763,-2.239071687,-0.405465108,0.436427334,0.044451763,-3.068052935,-3.068052935,0.313657559,0.374693449,1.636345365,1.871802177,-0.163325056,-0.562526998,-0.693147181,-3.068052935,-0.937124819,-1.636345365,-0.530628251,0.103796794,-2.422386293,0.374693449,-0.974049566,-3.068052935,-1.583004655,-1.481604541,-3.068052935,-3.068052935,-2.239071687,-3.068052935,0.344096162,-0.163325056,-0.253195896,-0.864997437,0.103796794,-0.344096162,-0.014815086,-0.498991166
-0.283362411,-0.659994973,-0.074107972,-0.344096162,-0.103796794,-0.103796794,-0.937124819,0.436427334,-0.074107972,1.011600912,-0.405465108,0.074107972,1.168993085,0.374693449,0.405465108,-0.374693449,-0.627189213,0.283362411,-0.223143551,0.344096162,0.726669873,0.726669873,0.900786545,-0.103796794,0.794929875,-3.068052935,-0.436427334,-0.864997437,0.103796794,1.011600912,0,-0.937124819,-0.344096162,-2.006534771,-0.627189213,-0.044451763,-0.562526998,-3.068052935,-3.068052935,-0.103796794,1.011600912,0.405465108,0.436427334,-0.405465108,-0.014815086,-0.864997437,-3.068052935,-1.049822124,-1.749199855,0.044451763,-0.436427334,-2.327277706,-0.659994973,-1.088759992,-3.068052935,-2.327277706,-2.079441542,-3.068052935,-3.068052935,-1.691676011,-3.068052935,1.011600912,-0.498991166,-0.726669873,-0.436427334,1.088759992,-0.103796794,-0.467596889,-0.937124819
-0.864997437,-0.974049566,0.253195896,-0.014815086,0.014815086,0.283362411,-1.088759992,0.044451763,0.193191229,-0.405465108,-0.794929875,-0.374693449,-0.374693449,-0.374693449,-0.794929875,-1.011600912,-0.900786545,-0.374693449,-0.594707108,0.223143551,0.436427334,-0.794929875,-0.374693449,-0.374693449,0.405465108,-3.068052935,-0.794929875,-1.128465252,-0.374693449,-0.794929875,-0.937124819,0,0.253195896,-2.327277706,-0.794929875,-0.436427334,-0.498991166,-3.068052935,-3.068052935,0.044451763,0.436427334,-0.014815086,-0.374693449,-0.374693449,0.044451763,-0.829722716,-3.068052935,-1.296143264,-2.63905733,-0.374693449,-0.374693449,-2.906120115,-1.168993085,2.63905733,-3.068052935,-2.764745545,-2.525728644,-3.068052935,-3.068052935,-2.764745545,-3.068052935,0.044451763,-0.594707108,-0.498991166,-0.530628251,-0.436427334,0.223143551,-1.088759992,-1.210403695
-0.133531393,-0.044451763,3.784189634,3.068052935,2.327277706,2.239071687,0.436427334,1.210403695,1.636345365,0.693147181,1.088759992,0.014815086,0.193191229,0.594707108,0.074107972,-0.760588461,0.436427334,1.691676011,1.011600912,0.044451763,0.726669873,-0.436427334,0.594707108,0.900786545,0.974049566,-3.068052935,-0.014815086,-0.405465108,0.193191229,0.044451763,-0.344096162,0.253195896,0,-0.693147181,-0.530628251,0.163325056,2.906120115,-3.068052935,-3.068052935,0.498991166,0.594707108,1.049822124,0.313657559,0.103796794,1.809151212,-0.163325056,-3.068052935,-0.498991166,-1.691676011,0.074107972,0.627189213,-1.296143264,-0.627189213,0.374693449,-3.068052935,-1.210403695,-0.133531393,-3.068052935,-3.068052935,-1.481604541,-3.068052935,-0.044451763,-0.436427334,2.906120115,0.937124819,0.794929875,-0.374693449,-0.760588461,0.103796794
-1.809151212,-2.156733216,-0.344096162,-0.937124819,-0.253195896,-0.253195896,-1.481604541,-1.168993085,-1.296143264,-0.794929875,-0.693147181,-0.530628251,-1.386294361,-1.049822124,-0.436427334,-0.374693449,-0.864997437,-0.344096162,-0.374693449,-0.760588461,-0.253195896,-1.296143264,-0.864997437,-0.693147181,-0.760588461,-0.223143551,-1.433251344,-2.327277706,-1.809151212,-2.239071687,-2.006534771,-2.327277706,-0.693147181,0,-2.006534771,-0.900786545,-0.283362411,-0.223143551,-0.223143551,-1.296143264,-1.252762968,-0.530628251,-1.168993085,-1.809151212,-0.760588461,-1.871802177,-0.223143551,-2.906120115,-3.488902962,-1.049822124,-0.760588461,-4.197201948,-2.525728644,-2.63905733,-0.223143551,-4.197201948,-2.906120115,-0.223143551,-0.223143551,-3.784189634,-0.223143551,-1.809151212,-1.93747128,-1.386294361,-1.531476371,-0.794929875,-0.193191229,-2.422386293,-2.525728644
-0.436427334,-0.760588461,-0.223143551,-0.530628251,0.163325056,-0.074107972,-0.530628251,1.636345365,-0.253195896,-0.193191229,-0.436427334,1.296143264,0.253195896,0.163325056,0.467596889,-0.405465108,0.074107972,-0.283362411,0.374693449,0.223143551,0.726669873,-0.193191229,0.193191229,-0.133531393,0.760588461,-3.068052935,0.530628251,-0.193191229,-0.133531393,-0.405465108,-0.627189213,-0.794929875,-0.530628251,-2.006534771,0,1.011600912,0.374693449,-3.068052935,-3.068052935,1.296143264,-0.253195896,0.726669873,0.253195896,4.8978398,2.079441542,-0.014815086,-3.068052935,-0.467596889,-0.760588461,2.525728644,0.726669873,-2.239071687,-0.864997437,-0.974049566,-3.068052935,-0.133531393,-1.749199855,-3.068052935,-3.068052935,-0.313657559,-3.068052935,0.283362411,3.258096538,0.044451763,1.386294361,-0.223143551,-0.223143551,-0.436427334,-0.562526998
-0.223143551,-0.313657559,-0.163325056,-0.374693449,0.283362411,-0.044451763,0.223143551,2.525728644,0.344096162,-0.074107972,-0.313657559,1.583004655,1.386294361,1.340624324,0.659994973,-0.133531393,0.405465108,0.405465108,0.562526998,0.436427334,1.809151212,0.163325056,1.252762968,0.044451763,0.974049566,-3.068052935,1.481604541,0.498991166,0.760588461,0.436427334,-0.044451763,-0.436427334,0.163325056,-0.900786545,1.011600912,0,1.636345365,-3.068052935,-3.068052935,0.253195896,0.693147181,2.239071687,1.340624324,2.525728644,-0.498991166,-0.374693449,-3.068052935,0.193191229,-1.011600912,-0.436427334,2.156733216,-1.340624324,-0.374693449,-0.693147181,-3.068052935,-0.223143551,-0.760588461,-3.068052935,-3.068052935,-1.809151212,-3.068052935,0.344096162,1.583004655,1.128465252,-0.530628251,-0.044451763,0.794929875,-0.103796794,0.193191229
-0.436427334,-0.283362411,2.079441542,1.809151212,0.103796794,1.691676011,-0.794929875,1.93747128,1.252762968,0.313657559,0.014815086,1.386294361,0.193191229,0.133531393,-0.374693449,-0.223143551,-0.436427334,0.014815086,-0.436427334,0.530628251,1.531476371,-0.223143551,0.900786545,0.436427334,1.340624324,-3.068052935,-0.405465108,-0.659994973,-0.163325056,0.044451763,-0.562526998,-0.498991166,2.906120115,-0.283362411,0.374693449,1.636345365,0,-3.068052935,-3.068052935,0.405465108,1.749199855,1.809151212,0.313657559,0.659994973,1.481604541,0.133531393,-3.068052935,-0.794929875,-1.088759992,0.937124819,-0.193191229,-1.636345365,-0.133531393,-0.313657559,-3.068052935,-1.252762968,-0.467596889,-3.068052935,-3.068052935,-0.900786545,-3.068052935,0.223143551,0.133531393,3.784189634,0.693147181,0.374693449,0.498991166,-0.193191229,0.436427334
-3.068052935,-3.068052935,-3.068052935,-3.068052935,-3.068052935,-3.068052935,-3.068052935,-3.068052935,-3.068052935,-3.068052935,-3.068052935,-3.068052935,-3.068052935,-3.068052935,-3.068052935,-3.068052935,-3.068052935,-3.068052935,-3.068052935,-3.068052935,-3.068052935,-3.068052935,-3.068052935,-3.068052935,-3.068052935,-4.59511985,-3.068052935,-3.068052935,-3.068052935,-3.068052935,-3.068052935,-3.068052935,-3.068052935,-0.223143551,-3.068052935,-3.068052935,-3.068052935,0,-4.59511985,-3.068052935,-3.068052935,-3.068052935,-3.068052935,-3.068052935,-3.068052935,-3.068052935,-4.59511985,-3.068052935,-0.223143551,-3.068052935,-3.068052935,-0.223143551,-3.068052935,-3.068052935,-4.59511985,-0.223143551,-0.223143551,-4.59511985,-4.59511985,-0.223143551,-4.59511985,-3.068052935,-3.068052935,-3.068052935,-3.068052935,-3.068052935,-3.068052935,-3.068052935,-3.068052935
-3.068052935,-3.068052935,-3.068052935,-3.068052935,-3.068052935,-3.068052935,-3.068052935,-3.068052935,-3.068052935,-3.068052935,-3.068052935,-3.068052935,-3.068052935,-3.068052935,-3.068052935,-3.068052935,-3.068052935,-3.068052935,-3.068052935,-3.068052935,-3.068052935,-3.068052935,-3.068052935,-3.068052935,-3.068052935,-4.59511985,-3.068052935,-3.068052935,-3.068052935,-3.068052935,-3.068052935,-3.068052935,-3.068052935,-0.223143551,-3.068052935,-3.068052935,-3.068052935,-4.59511985,0,-3.068052935,-3.068052935,-3.068052935,-3.068052935,-3.068052935,-3.068052935,-3.068052935,-4.59511985,-3.068052935,-0.223143551,-3.068052935,-3.068052935,-0.223143551,-3.068052935,-3.068052935,-4.59511985,-0.223143551,-0.223143551,-4.59511985,-4.59511985,-0.223143551,-4.59511985,-3.068052935,-3.068052935,-3.068052935,-3.068052935,-3.068052935,-3.068052935,-3.068052935,-3.068052935
0.163325056,-0.253195896,1.011600912,0.627189213,1.809151212,1.749199855,0.163325056,4.8978398,0.223143551,1.088759992,0.594707108,2.327277706,0.900786545,0.974049566,1.210403695,0.374693449,0.794929875,0.726669873,1.296143264,1.011600912,1.749199855,1.296143264,2.079441542,2.006534771,2.63905733,-3.068052935,1.252762968,0.562526998,1.252762968,0.313657559,-0.103796794,0.044451763,0.498991166,-1.296143264,1.296143264,0.253195896,0.405465108,-3.068052935,-3.068052935,0,0.163325056,0.760588461,0.900786545,2.239071687,0.313657559,0.283362411,-3.068052935,0.283362411,-0.344096162,0.467596889,0.193191229,-1.049822124,-0.253195896,-0.253195896,-3.068052935,-0.374693449,-1.168993085,-3.068052935,-3.068052935,-0.829722716,-3.068052935,2.006534771,2.156733216,0.223143551,-0.103796794,1.088759992,0.530628251,0.405465108,-0.498991166
0.223143551,-0.193191229,1.296143264,0.760588461,1.871802177,1.809151212,0.223143551,1.749199855,0.313657559,1.386294361,0.693147181,2.422386293,1.168993085,0.253195896,1.049822124,0.133531393,0.313657559,2.422386293,1.433251344,1.128465252,1.809151212,0.594707108,2.156733216,2.079441542,1.481604541,-3.068052935,-0.163325056,-0.467596889,1.583004655,0.374693449,1.011600912,0.436427334,0.594707108,-1.252762968,-0.253195896,0.693147181,1.749199855,-3.068052935,-3.068052935,0.163325056,0,1.636345365,1.168993085,-0.103796794,0.405465108,0.283362411,-3.068052935,-0.014815086,-0.760588461,0.562526998,0.283362411,-1.296143264,0.530628251,0.223143551,-3.068052935,-1.481604541,-0.405465108,-3.068052935,-3.068052935,-0.794929875,-3.068052935,2.079441542,-0.103796794,0.900786545,-0.103796794,1.296143264,0.594707108,0.163325056,-0.193191229
0.223143551,-0.193191229,0.498991166,0.193191229,1.049822124,0.937124819,0.223143551,3.488902962,0.829722716,0.530628251,0.760588461,1.871802177,2.525728644,2.63905733,0.405465108,-0.562526998,0.253195896,0.344096162,0.313657559,-0.014815086,1.252762968,0.659994973,2.079441542,1.386294361,2.63905733,-3.068052935,1.049822124,0.313657559,1.433251344,1.636345365,0.405465108,-0.014815086,1.049822124,-0.530628251,0.726669873,2.239071687,1.809151212,-3.068052935,-3.068052935,0.760588461,1.636345365,0,2.327277706,2.156733216,-0.193191229,-0.313657559,-3.068052935,-0.223143551,-0.760588461,-0.133531393,2.239071687,-0.760588461,-0.103796794,-0.253195896,-3.068052935,-0.253195896,-0.405465108,-3.068052935,-3.068052935,-1.481604541,-3.068052935,1.088759992,1.210403695,0.900786545,-0.530628251,0.562526998,0.074107972,-0.562526998,0.530628251
-0.193191229,-0.467596889,0.659994973,0.313657559,0.283362411,1.93747128,-0.627189213,1.168993085,-0.103796794,1.433251344,1.809151212,0.659994973,1.210403695,1.296143264,1.088759992,0.193191229,-0.253195896,0.253195896,-0.133531393,0.974049566,1.93747128,0.726669873,2.006534771,2.239071687,1.583004655,-3.068052935,-0.074107972,-0.436427334,0.103796794,1.871802177,0.436427334,-0.374693449,0.313657559,-1.168993085,0.253195896,1.340624324,0.313657559,-3.068052935,-3.068052935,0.900786545,1.168993085,2.327277706,0,0.467596889,0.530628251,0.313657559,-3.068052935,-0.562526998,-0.726669873,0.693147181,2.156733216,-1.296143264,0.374693449,-0.627189213,-3.068052935,-0.760588461,-1.128465252,-3.068052935,-3.068052935,-0.794929875,-3.068052935,2.239071687,0.498991166,-0.014815086,-0.074107972,1.433251344,0.794929875,0.223143551,0.223143551
0.344096162,-0.133531393,-0.044451763,-0.283362411,0.344096162,0.344096162,0.344096162,2.764745545,0.498991166,-0.044451763,-0.223143551,1.636345365,0.627189213,1.210403695,0.829722716,-0.014815086,0.498991166,0.467596889,1.386294361,0.829722716,1.011600912,0.794929875,0.374693449,0.074107972,1.340624324,-3.068052935,0.726669873,0.044451763,-0.014815086,-0.163325056,-0.405465108,-0.374693449,0.103796794,-1.809151212,4.8978398,2.525728644,0.659994973,-3.068052935,-3.068052935,2.239071687,-0.103796794,2.156733216,0.467596889,0,1.691676011,-0.253195896,-3.068052935,0.044451763,-0.374693449,2.006534771,1.210403695,-1.749199855,-0.627189213,-0.627189213,-3.068052935,-0.163325056,-1.296143264,-3.068052935,-3.068052935,-0.313657559,-3.068052935,1.433251344,4.197201948,0.344096162,0.829722716,0.014815086,-0.014815086,-0.014815086,0.193191229
0.253195896,-0.193191229,2.764745545,0.974049566,2.156733216,2.079441542,0.313657559,0.974049566,0.467596889,-0.133531393,0.163325056,0.374693449,-0.253195896,0.405465108,1.93747128,1.168993085,-0.163325056,0.436427334,1.583004655,2.906120115,0.659994973,0.760588461,-0.344096162,-0.014815086,0.974049566,-3.068052935,0.693147181,-0.014815086,0.014815086,-0.562526998,-0.014815086,0.044451763,1.809151212,-0.760588461,2.079441542,-0.498991166,1.481604541,-3.068052935,-3.068052935,0.313657559,0.405465108,-0.193191229,0.530628251,1.691676011,0,-0.313657559,-3.068052935,0.044451763,-1.531476371,3.068052935,0.436427334,-1.296143264,-0.074107972,0.074107972,-3.068052935,-0.436427334,-0.659994973,-3.068052935,-3.068052935,-0.163325056,-3.068052935,0.530628251,0.659994973,-0.014815086,1.871802177,-0.074107972,0.864997437,0.760588461,-0.498991166
-0.044451763,-0.344096162,0.374693449,-0.467596889,0.133531393,1.386294361,-0.864997437,-0.467596889,0.283362411,0.223143551,1.481604541,-0.693147181,0.223143551,0.223143551,0.313657559,-0.467596889,-0.405465108,1.386294361,0.900786545,0.937124819,-0.103796794,0.594707108,0.133531393,-0.344096162,0.627189213,-3.068052935,-0.313657559,-0.726669873,-0.223143551,-0.693147181,-0.864997437,-0.829722716,-0.163325056,-1.871802177,-0.014815086,-0.374693449,0.133531393,-3.068052935,-3.068052935,0.283362411,0.283362411,-0.313657559,0.313657559,-0.253195896,-0.313657559,0,-3.068052935,-0.659994973,-1.93747128,-0.223143551,0.864997437,-2.006534771,-0.937124819,-0.726669873,-3.068052935,-1.749199855,-1.691676011,-3.068052935,-3.068052935,-1.871802177,-3.068052935,0.313657559,-0.627189213,-0.594707108,2.525728644,0.223143551,-0.313657559,-0.562526998,-0.659994973
-3.068052935,-3.068052935,-3.068052935,-3.068052935,-3.068052935,-3.068052935,-3.068052935,-3.068052935,-3.068052935,-3.068052935,-3.068052935,-3.068052935,-3.068052935,-3.068052935,-3.068052935,-3.068052935,-3.068052935,-3.068052935,-3.068052935,-3.068052935,-3.068052935,-3.068052935,-3.068052935,-3.068052935,-3.068052935,-4.59511985,-3.068052935,-3.068052935,-3.068052935,-3.068052935,-3.068052935,-3.068052935,-3.068052935,-0.223143551,-3.068052935,-3.068052935,-3.068052935,-4.59511985,-4.59511985,-3.068052935,-3.068052935,-3.068052935,-3.068052935,-3.068052935,-3.068052935,-3.068052935,0,-3.068052935,-0.223143551,-3.068052935,-3.068052935,-0.223143551,-3.068052935,-3.068052935,-4.59511985,-0.223143551,-0.223143551,-4.59511985,-4.59511985,-0.223143551,-4.59511985,-3.068052935,-3.068052935,-3.068052935,-3.068052935,-3.068052935,-3.068052935,-3.068052935,-3.068052935
-0.900786545,-0.974049566,-0.374693449,-0.760588461,-0.283362411,0.253195896,0.313657559,-0.467596889,-0.014815086,-0.133531393,-0.133531393,-0.864997437,-0.562526998,-0.253195896,-0.693147181,-1.128465252,-0.726669873,0.163325056,0.405465108,-0.313657559,0.044451763,-0.864997437,-0.193191229,-0.133531393,0.344096162,-3.068052935,0.344096162,-0.344096162,-0.594707108,-0.937124819,-1.049822124,-1.296143264,-0.498991166,-2.906120115,-0.467596889,0.193191229,-0.794929875,-3.068052935,-3.068052935,0.283362411,-0.014815086,-0.223143551,-0.562526998,0.044451763,0.044451763,-0.659994973,-3.068052935,0,-2.525728644,0.044451763,0.193191229,-3.258096538,-1.252762968,-1.340624324,-3.068052935,-3.068052935,-2.764745545,-3.068052935,-3.068052935,-2.63905733,-3.068052935,-0.133531393,-0.405465108,-1.088759992,-0.627189213,-0.163325056,-1.011600912,-1.168993085,-1.210403695
-1.636345365,-2.156733216,-1.433251344,-1.749199855,-0.760588461,-0.344096162,-0.405465108,-0.133531393,-1.433251344,-0.829722716,-1.386294361,-0.344096162,-0.937124819,-1.386294361,-0.726669873,-2.156733216,-1.433251344,-0.794929875,-0.193191229,-0.163325056,-0.344096162,-1.386294361,-0.726669873,-0.726669873,-0.900786545,-0.223143551,-0.133531393,-1.011600912,-1.386294361,-1.636345365,-1.749199855,-2.63905733,-1.691676011,-3.488902962,-0.760588461,-1.011600912,-1.088759992,-0.223143551,-0.223143551,-0.344096162,-0.760588461,-0.760588461,-0.726669873,-0.374693449,-1.531476371,-1.93747128,-0.223143551,-2.525728644,0,-1.481604541,-0.726669873,-3.488902962,-2.239071687,-0.726669873,-0.223143551,-2.906120115,-2.906120115,-0.223143551,-0.223143551,-3.258096538,-0.223143551,-0.900786545,-0.374693449,-1.871802177,-2.079441542,-0.829722716,-1.531476371,-2.156733216,-2.422386293
0.313657559,-0.103796794,-0.074107972,-0.726669873,0.467596889,1.011600912,-0.193191229,1.210403695,0.627189213,-0.374693449,0.223143551,0.467596889,-0.193191229,0.562526998,2.327277706,1.340624324,-0.103796794,0.344096162,1.049822124,3.488902962,0.014815086,0.937124819,-0.253195896,0.044451763,0.693147181,-3.068052935,0.864997437,0.074107972,0.074107972,-0.530628251,0.044451763,-0.374693449,0.074107972,-1.049822124,2.525728644,-0.436427334,0.937124819,-3.068052935,-3.068052935,0.467596889,0.562526998,-0.133531393,0.693147181,2.006534771,3.068052935,-0.223143551,-3.068052935,0.044451763,-1.481604541,0,0.594707108,-1.749199855,-0.074107972,-0.253195896,-3.068052935,-0.405465108,-1.168993085,-3.068052935,-3.068052935,-0.163325056,-3.068052935,0.693147181,0.829722716,-0.133531393,2.239071687,-0.405465108,0.760588461,0.864997437,-0.498991166
0.223143551,0.405465108,0.562526998,0.253195896,0.193191229,1.871802177,-0.313657559,2.327277706,1.296143264,0.498991166,0.133531393,1.386294361,1.168993085,1.93747128,1.296143264,0.313657559,0.223143551,1.809151212,0.313657559,1.296143264,1.871802177,1.636345365,1.93747128,2.156733216,1.531476371,-3.068052935,0.223143551,-0.163325056,0.726669873,0.103796794,-0.436427334,-0.374693449,0.627189213,-0.760588461,0.726669873,2.156733216,-0.193191229,-3.068052935,-3.068052935,0.193191229,0.283362411,2.239071687,2.156733216,1.210403695,0.436427334,0.864997437,-3.068052935,0.193191229,-0.726669873,0.594707108,0,-1.296143264,-0.627189213,-0.627189213,-3.068052935,-0.760588461,-1.128465252,-3.068052935,-3.068052935,-0.794929875,-3.068052935,2.156733216,1.296143264,-0.223143551,0.562526998,0.530628251,0.562526998,0.374693449,0.467596889
-1.296143264,-2.079441542,-0.974049566,-1.386294361,-0.344096162,-0.530628251,-1.583004655,-0.760588461,-0.900786545,-0.900786545,-1.433251344,-1.049822124,-0.900786545,-0.659994973,-0.436427334,-1.531476371,-0.594707108,-0.659994973,-0.436427334,-0.436427334,-0.498991166,-0.760588461,-0.594707108,-0.467596889,-0.344096162,-0.223143551,-0.283362411,-0.283362411,-1.809151212,-2.422386293,-2.327277706,-2.906120115,-1.296143264,-4.197201948,-2.239071687,-1.340624324,-1.636345365,-0.223143551,-0.223143551,-1.049822124,-1.296143264,-0.760588461,-1.296143264,-1.749199855,-1.296143264,-2.006534771,-0.223143551,-3.258096538,-3.488902962,-1.749199855,-1.296143264,0,-2.764745545,-3.068052935,-0.223143551,-4.59511985,-3.784189634,-0.223143551,-0.223143551,-4.8978398,-0.223143551,-0.900786545,-2.156733216,-2.525728644,-2.006534771,-0.937124819,-1.481604541,-1.871802177,-2.63905733
-0.594707108,-0.937124819,-0.283362411,-0.659994973,-0.103796794,-0.103796794,-1.011600912,-0.103796794,-0.253195896,-0.253195896,-0.627189213,-0.074107972,-0.283362411,-0.074107972,0.374693449,-0.436427334,-0.900786545,-0.103796794,-0.313657559,0.374693449,-0.103796794,-0.074107972,-0.074107972,-0.074107972,0.313657559,-3.068052935,-0.864997437,-1.049822124,0.374693449,0.374693449,-0.659994973,-1.168993085,-0.627189213,-2.525728644,-0.864997437,-0.374693449,-0.133531393,-3.068052935,-3.068052935,-0.253195896,0.530628251,-0.103796794,0.374693449,-0.627189213,-0.074107972,-0.937124819,-3.068052935,-1.252762968,-2.239071687,-0.074107972,-0.627189213,-2.764745545,0,-1.210403695,-3.068052935,-2.63905733,-2.422386293,-3.068052935,-3.068052935,-2.327277706,-3.068052935,-0.074107972,-0.794929875,-0.726669873,-0.374693449,-0.313657559,-0.467596889,-0.726669873,-1.088759992
-0.974049566,-1.011600912,0.374693449,0.193191229,0.223143551,0.223143551,-0.829722716,-0.253195896,0.074107972,0.074107972,-0.974049566,-0.627189213,-0.253195896,-0.253195896,-0.405465108,-1.049822124,-0.760588461,-0.253195896,-0.044451763,-0.014815086,0.223143551,-0.627189213,0.014815086,-0.627189213,0.223143551,-3.068052935,-0.659994973,-1.168993085,-0.627189213,-0.974049566,-1.088759992,2.63905733,0.374693449,-2.63905733,-0.974049566,-0.693147181,-0.313657559,-3.068052935,-3.068052935,-0.253195896,0.223143551,-0.253195896,-0.627189213,-0.627189213,0.074107972,-0.726669873,-3.068052935,-1.340624324,-0.726669873,-0.253195896,-0.627189213,-3.068052935,-1.210403695,0,-3.068052935,-2.906120115,-2.525728644,-3.068052935,-3.068052935,-2.764745545,-3.068052935,0.074107972,-0.794929875,-0.313657559,-0.344096162,0.044451763,-0.374693449,-1.128465252,-1.252762968
-3.068052935,-3.068052935,-3.068052935,-3.068052935,-3.068052935,-3.068052935,-3.068052935,-3.068052935,-3.068052935,-3.068052935,-3.068052935,-3.068052935,-3.068052935,-3.068052935,-3.068052935,-3.068052935,-3.068052935,-3.068052935,-3.068052935,-3.068052935,-3.068052935,-3.068052935,-3.068052935,-3.068052935,-3.068052935,-4.59511985,-3.068052935,-3.068052935,-3.068052935,-3.068052935,-3.068052935,-3.068052935,-3.068052935,-0.223143551,-3.068052935,-3.068052935,-3.068052935,-4.59511985,-4.59511985,-3.068052935,-3.068052935,-3.068052935,-3.068052935,-3.068052935,-3.068052935,-3.068052935,-4.59511985,-3.068052935,-0.223143551,-3.068052935,-3.068052935,-0.223143551,-3.068052935,-3.068052935,0,-0.223143551,-0.223143551,-4.59511985,-4.59511985,-0.223143551,-4.59511985,-3.068052935,-3.068052935,-3.068052935,-3.068052935,-3.068052935,-3.068052935,-3.068052935,-3.068052935
-1.128465252,-1.871802177,-1.210403695,-1.691676011,-0.693147181,-0.693147181,-2.239071687,-0.405465108,-0.659994973,-1.481604541,-1.481604541,-0.627189213,-1.168993085,-1.296143264,-1.210403695,-2.156733216,-1.583004655,-0.659994973,-1.210403695,-1.210403695,-0.659994973,-1.481604541,-0.659994973,-1.210403695,-0.467596889,-0.223143551,-1.128465252,-1.93747128,-1.636345365,-1.583004655,-2.327277706,-2.764745545,-1.210403695,-4.197201948,-0.133531393,-0.223143551,-1.252762968,-0.223143551,-0.223143551,-0.374693449,-1.481604541,-0.253195896,-0.760588461,-0.163325056,-0.436427334,-1.749199855,-0.223143551,-3.068052935,-2.906120115,-0.405465108,-0.760588461,-4.59511985,-2.63905733,-2.906120115,-0.223143551,0,-3.784189634,-0.223143551,-0.223143551,-3.068052935,-0.223143551,-1.168993085,-0.253195896,-1.809151212,-0.794929875,-1.531476371,-2.006534771,-2.327277706,-2.327277706
-1.93747128,-2.006534771,-0.133531393,-0.405465108,-0.405465108,-0.405465108,-1.749199855,-0.405465108,-0.594707108,-1.088759992,-1.088759992,-0.594707108,-1.088759992,-1.128465252,-1.210403695,-2.079441542,-1.636345365,-0.374693449,-0.659994973,-0.693147181,-0.405465108,-1.531476371,-0.693147181,-1.088759992,-0.374693449,-0.223143551,-1.636345365,-2.327277706,-1.531476371,-1.481604541,-2.079441542,-2.525728644,-0.133531393,-2.906120115,-1.749199855,-0.760588461,-0.467596889,-0.223143551,-0.223143551,-1.168993085,-0.405465108,-0.405465108,-1.128465252,-1.296143264,-0.659994973,-1.691676011,-0.223143551,-2.764745545,-2.906120115,-1.168993085,-1.128465252,-3.784189634,-2.422386293,-2.525728644,-0.223143551,-3.784189634,0,-0.223143551,-0.223143551,-3.488902962,-0.223143551,-1.128465252,-1.433251344,-0.467596889,-1.340624324,-1.168993085,-1.340624324,-2.156733216,-2.156733216
-3.068052935,-3.068052935,-3.068052935,-3.068052935,-3.068052935,-3.068052935,-3.068052935,-3.068052935,-3.068052935,-3.068052935,-3.068052935,-3.068052935,-3.068052935,-3.068052935,-3.068052935,-3.068052935,-3.068052935,-3.068052935,-3.068052935,-3.068052935,-3.068052935,-3.068052935,-3.068052935,-3.068052935,-3.068052935,-4.59511985,-3.068052935,-3.068052935,-3.068052935,-3.068052935,-3.068052935,-3.068052935,-3.068052935,-0.223143551,-3.068052935,-3.068052935,-3.068052935,-4.59511985,-4.59511985,-3.068052935,-3.068052935,-3.068052935,-3.068052935,-3.068052935,-3.068052935,-3.068052935,-4.59511985,-3.068052935,-0.223143551,-3.068052935,-3.068052935,-0.223143551,-3.068052935,-3.068052935,-4.59511985,-0.223143551,-0.223143551,0,-4.59511985,-0.223143551,-4.59511985,-3.068052935,-3.068052935,-3.068052935,-3.068052935,-3.068052935,-3.068052935,-3.068052935,-3.068052935
-3.068052935,-3.068052935,-3.068052935,-3.068052935,-3.068052935,-3.068052935,-3.068052935,-3.068052935,-3.068052935,-3.068052935,-3.068052935,-3.068052935,-3.068052935,-3.068052935,-3.068052935,-3.068052935,-3.068052935,-3.068052935,-3.068052935,-3.068052935,-3.068052935,-3.068052935,-3.068052935,-3.068052935,-3.068052935,-4.59511985,-3.068052935,-3.068052935,-3.068052935,-3.068052935,-3.068052935,-3.068052935,-3.068052935,-0.223143551,-3.068052935,-3.068052935,-3.068052935,-4.59511985,-4.59511985,-3.068052935,-3.068052935,-3.068052935,-3.068052935,-3.068052935,-3.068052935,-3.068052935,-4.59511985,-3.068052935,-0.223143551,-3.068052935,-3.068052935,-0.223143551,-3.068052935,-3.068052935,-4.59511985,-0.223143551,-0.223143551,-4.59511985,0,-0.223143551,-4.59511985,-3.068052935,-3.068052935,-3.068052935,-3.068052935,-3.068052935,-3.068052935,-3.068052935,-3.068052935
-1.386294361,-1.93747128,-1.481604541,-2.422386293,-0.864997437,-0.467596889,-2.156733216,-0.467596889,-0.829722716,-1.636345365,-1.433251344,-1.128465252,-1.433251344,-0.794929875,-0.283362411,-0.974049566,-1.749199855,-0.900786545,-0.829722716,-0.193191229,-1.128465252,-0.760588461,-1.531476371,-1.481604541,-0.467596889,-0.223143551,-0.760588461,-1.871802177,-1.386294361,-2.239071687,-1.691676011,-2.764745545,-1.481604541,-3.784189634,-0.313657559,-1.809151212,-0.900786545,-0.223143551,-0.223143551,-0.829722716,-0.794929875,-1.481604541,-0.794929875,-0.313657559,-0.163325056,-1.871802177,-0.223143551,-2.63905733,-3.258096538,-0.163325056,-0.794929875,-4.8978398,-2.327277706,-2.764745545,-0.223143551,-3.068052935,-3.488902962,-0.223143551,-0.223143551,0,-0.223143551,-0.794929875,-0.900786545,-2.156733216,-0.283362411,-1.691676011,-1.011600912,-1.433251344,-2.525728644
-3.068052935,-3.068052935,-3.068052935,-3.068052935,-3.068052935,-3.068052935,-3.068052935,-3.068052935,-3.068052935,-3.068052935,-3.068052935,-3.068052935,-3.068052935,-3.068052935,-3.068052935,-3.068052935,-3.068052935,-3.068052935,-3.068052935,-3.068052935,-3.068052935,-3.068052935,-3.068052935,-3.068052935,-3.068052935,-4.59511985,-3.068052935,-3.068052935,-3.068052935,-3.068052935,-3.068052935,-3.068052935,-3.068052935,-0.223143551,-3.068052935,-3.068052935,-3.068052935,-4.59511985,-4.59511985,-3.068052935,-3.068052935,-3.068052935,-3.068052935,-3.068052935,-3.068052935,-3.068052935,-4.59511985,-3.068052935,-0.223143551,-3.068052935,-3.068052935,-0.223143551,-3.068052935,-3.068052935,-4.59511985,-0.223143551,-0.223143551,-4.59511985,-4.59511985,-0.223143551,0,-3.068052935,-3.068052935,-3.068052935,-3.068052935,-3.068052935,-3.068052935,-3.068052935,-3.068052935
1.088759992,0.405465108,-0.193191229,-0.313657559,0.283362411,1.128465252,-0.627189213,1.210403695,1.386294361,2.525728644,0.829722716,1.481604541,2.422386293,0.374693449,0.530628251,-0.074107972,1.011600912,1.088759992,0.562526998,2.327277706,0.900786545,0.726669873,0.562526998,0.659994973,4.197201948,-3.068052935,0.374693449,-0.074107972,0.829722716,0.344096162,1.011600912,0.044451763,-0.044451763,-1.809151212,0.283362411,0.344096162,0.223143551,-3.068052935,-3.068052935,2.006534771,2.079441542,1.088759992,2.239071687,1.433251344,0.530628251,0.313657559,-3.068052935,-0.133531393,-0.900786545,0.693147181,2.156733216,-0.900786545,-0.074107972,0.074107972,-3.068052935,-1.168993085,-1.128465252,-3.068052935,-3.068052935,-0.794929875,-3.068052935,0,0.467596889,-0.014815086,0.313657559,0.627189213,-0.163325056,-0.044451763,-0.498991166
-0.313657559,-0.693147181,-0.530628251,-0.726669873,0.344096162,0.044451763,-0.283362411,2.525728644,-0.133531393,-0.044451763,-0.344096162,1.749199855,0.498991166,0.374693449,0.693147181,-0.103796794,0.344096162,-0.133531393,0.467596889,0.374693449,1.049822124,0.133531393,0.405465108,0.074107972,0.937124819,-3.068052935,0.627189213,-0.074107972,0.014815086,-0.163325056,-0.498991166,-0.594707108,-0.436427334,-1.93747128,3.258096538,1.583004655,0.133531393,-3.068052935,-3.068052935,2.156733216,-0.103796794,1.210403695,0.498991166,4.197201948,0.659994973,-0.627189213,-3.068052935,-0.405465108,-0.374693449,0.829722716,1.296143264,-2.156733216,-0.794929875,-0.794929875,-3.068052935,-0.253195896,-1.433251344,-3.068052935,-3.068052935,-0.900786545,-3.068052935,0.467596889,0,-0.074107972,0.014815086,-0.044451763,-0.074107972,-0.133531393,-0.133531393
-0.594707108,-0.659994973,1.252762968,0.900786545,0.313657559,0.374693449,-0.726669873,0.974049566,0.436427334,-0.436427334,-0.313657559,0.530628251,-0.044451763,-0.103796794,-0.498991166,-0.864997437,-0.627189213,0.405465108,-0.103796794,-0.163325056,0.344096162,-0.405465108,0.344096162,-0.014815086,0.436427334,-3.068052935,-0.562526998,-0.864997437,-0.344096162,-0.253195896,-0.726669873,-0.498991166,2.906120115,-1.386294361,0.044451763,1.128465252,3.784189634,-3.068052935,-3.068052935,0.223143551,0.900786545,0.900786545,-0.014815086,0.344096162,-0.014815086,-0.594707108,-3.068052935,-1.088759992,-1.871802177,-0.133531393,-0.223143551,-2.525728644,-0.726669873,-0.313657559,-3.068052935,-1.809151212,-0.467596889,-3.068052935,-3.068052935,-2.156733216,-3.068052935,-0.014815086,-0.074107972,0,-0.498991166,-0.467596889,-0.530628251,-0.900786545,0.163325056
-0.253195896,-0.562526998,1.583004655,0.344096162,1.340624324,1.168993085,-0.193191229,0.193191229,-0.103796794,0.344096162,2.006534771,-0.313657559,-0.163325056,-0.163325056,0.900786545,0.562526998,-0.562526998,1.168993085,0.627189213,1.583004655,0.074107972,0.193191229,-0.163325056,-0.562526998,0.344096162,-3.068052935,0.014815086,-0.530628251,-0.436427334,-0.864997437,-0.436427334,-0.530628251,0.937124819,-1.531476371,1.386294361,-0.530628251,0.693147181,-3.068052935,-3.068052935,-0.103796794,-0.103796794,-0.530628251,-0.074107972,0.829722716,1.871802177,2.525728644,-3.068052935,-0.627189213,-2.079441542,2.239071687,0.562526998,-2.006534771,-0.374693449,-0.344096162,-3.068052935,-0.794929875,-1.340624324,-3.068052935,-3.068052935,-0.283362411,-3.068052935,0.313657559,0.014815086,-0.498991166,0,0.344096162,0.044451763,0.436427334,-0.693147181
0.344096162,-0.163325056,1.531476371,0.937124819,1.386294361,1.296143264,-0.223143551,0.498991166,0.530628251,4.8978398,1.871802177,0.074107972,0.498991166,-0.283362411,-0.044451763,-0.530628251,1.296143264,2.764745545,0.467596889,0.974049566,2.079441542,-0.562526998,1.433251344,0.794929875,1.749199855,-3.068052935,0.594707108,-0.074107972,0.974049566,0.103796794,1.088759992,-0.436427334,0.794929875,-0.794929875,-0.223143551,-0.044451763,0.374693449,-3.068052935,-3.068052935,1.088759992,1.296143264,0.562526998,1.433251344,0.014815086,-0.074107972,0.223143551,-3.068052935,-0.163325056,-0.829722716,-0.405465108,0.530628251,-0.937124819,-0.313657559,0.044451763,-3.068052935,-1.531476371,-1.168993085,-3.068052935,-3.068052935,-1.691676011,-3.068052935,0.627189213,-0.044451763,-0.467596889,0.344096162,0,0.760588461,-0.530628251,-0.562526998
-0.253195896,-0.594707108,-0.103796794,-0.344096162,1.531476371,0.794929875,-0.283362411,-0.103796794,0.044451763,0.659994973,0.253195896,1.011600912,1.531476371,0.313657559,0.530628251,1.636345365,-0.253195896,-0.163325056,-0.344096162,1.636345365,4.197201948,0.074107972,1.481604541,0.864997437,0.530628251,-3.068052935,-0.074107972,-0.562526998,0.103796794,-0.344096162,-0.103796794,0.223143551,-0.374693449,-0.193191229,-0.223143551,0.794929875,0.498991166,-3.068052935,-3.068052935,0.530628251,0.594707108,0.074107972,0.794929875,-0.014815086,0.864997437,-0.313657559,-3.068052935,-1.011600912,-1.531476371,0.760588461,0.562526998,-1.481604541,-0.467596889,-0.374693449,-3.068052935,-2.006534771,-1.340624324,-3.068052935,-3.068052935,-1.011600912,-3.068052935,-0.163325056,-0.074107972,-0.530628251,0.044451763,0.760588461,0,-0.829722716,-0.693147181
-0.760588461,-0.937124819,-0.467596889,-0.864997437,0.074107972,0.044451763,-0.014815086,-0.467596889,-0.283362411,-0.163325056,-0.467596889,-0.594707108,0.313657559,0.253195896,0.436427334,2.422386293,-0.794929875,-0.044451763,0.074107972,0.659994973,-0.467596889,0.014815086,-0.498991166,0.133531393,0.344096162,-3.068052935,0.530628251,-0.530628251,-0.436427334,-0.014815086,-0.467596889,-1.088759992,-0.760588461,-2.422386293,-0.436427334,-0.103796794,-0.193191229,-3.068052935,-3.068052935,0.405465108,0.163325056,-0.562526998,0.223143551,-0.014815086,0.760588461,-0.562526998,-3.068052935,-1.168993085,-2.156733216,0.864997437,0.374693449,-1.871802177,-0.726669873,-1.128465252,-3.068052935,-2.327277706,-2.156733216,-3.068052935,-3.068052935,-1.433251344,-3.068052935,-0.044451763,-0.133531393,-0.900786545,0.436427334,-0.530628251,-0.829722716,0,-1.049822124
-0.900786545,-0.974049566,0.103796794,-0.594707108,0.253195896,0.253195896,-0.726669873,0.253195896,-0.498991166,-0.498991166,-0.467596889,-0.014815086,0.014815086,-0.014815086,-0.530628251,-1.011600912,-0.794929875,0.467596889,-0.044451763,-0.074107972,0.253195896,-0.794929875,-0.103796794,-0.498991166,0.253195896,-3.068052935,-0.103796794,-0.829722716,-0.498991166,-0.498991166,-0.937124819,-1.210403695,0.103796794,-2.525728644,-0.562526998,0.193191229,0.436427334,-3.068052935,-3.068052935,-0.498991166,-0.193191229,0.530628251,0.223143551,0.193191229,-0.498991166,-0.659994973,-3.068052935,-1.210403695,-2.422386293,-0.498991166,0.467596889,-2.63905733,-1.088759992,-1.252762968,-3.068052935,-2.327277706,-2.156733216,-3.068052935,-3.068052935,-2.525728644,-3.068052935,-0.498991166,-0.133531393,0.163325056,-0.693147181,-0.562526998,-0.693147181,-1.049822124,0
